ActivityID,ToolID,ToolName,ToolPath,ToolVersion,StartTime,EndTime,Succeeded,Message
d0eb7bb3-eb49-11ec-a2ea-a44cc83e0d72,d05ae3a3-eb49-11ec-91a9-a44cc83e0d72,Download Weather,clotho.demos.tools.download_metars,,2022-06-13 18:51:21,2022-06-13 18:51:22,True,
d17e8ac4-eb49-11ec-a7ab-a44cc83e0d72,d0662e39-eb49-11ec-b430-a44cc83e0d72,Extract Weather,clotho.demos.tools.extract_metars,,2022-06-13 18:51:22,2022-06-13 18:51:22,True,
d189fc4a-eb49-11ec-8e7d-a44cc83e0d72,d07c3dbd-eb49-11ec-9c79-a44cc83e0d72,Import METARs,clotho.demos.tools.import_metars,,2022-06-13 18:51:22,2022-06-13 18:51:22,True,
d1bb2868-eb49-11ec-a7d9-a44cc83e0d72,d087b090-eb49-11ec-90de-a44cc83e0d72,Download Ski Areas,clotho.demos.tools.download,,2022-06-13 18:51:22,2022-06-13 18:51:23,True,
d285cb05-eb49-11ec-be27-a44cc83e0d72,d091c196-eb49-11ec-9871-a44cc83e0d72,Extract Ski Areas,clotho.demos.tools.extract_ski_areas,,2022-06-13 18:51:23,2022-06-13 18:51:23,True,
d292ea02-eb49-11ec-8b53-a44cc83e0d72,d09b8639-eb49-11ec-b2a7-a44cc83e0d72,Import Ski Areas,clotho.demos.tools.import_ski_areas,,2022-06-13 18:51:23,2022-06-13 18:51:25,True,
d363110b-eb49-11ec-bf5b-a44cc83e0d72,d0aaef07-eb49-11ec-9152-a44cc83e0d72,Fiddle Ski Areas,clotho.demos.tools.fiddle_data,,2022-06-13 18:51:25,2022-06-13 18:51:25,True,
d379a61e-eb49-11ec-9060-a44cc83e0d72,d0a54ae9-eb49-11ec-a2fb-a44cc83e0d72,Do Nothing,clotho.demos.tools.do_nothing,,2022-06-13 18:51:25,2022-06-13 18:51:25,True,
d38a20d3-eb49-11ec-9ae8-a44cc83e0d72,d05ae3a3-eb49-11ec-91a9-a44cc83e0d72,Download Weather,clotho.demos.tools.download_metars,,2022-06-13 18:51:25,2022-06-13 18:51:25,True,
d391c1fe-eb49-11ec-a4b4-a44cc83e0d72,d0662e39-eb49-11ec-b430-a44cc83e0d72,Extract Weather,clotho.demos.tools.extract_metars,,2022-06-13 18:51:25,2022-06-13 18:51:25,True,
d39a9bce-eb49-11ec-b006-a44cc83e0d72,d071dd70-eb49-11ec-a95f-a44cc83e0d72,Build Weather Stations,clotho.demos.tools.build_wx_stations,,2022-06-13 18:51:25,2022-06-13 18:51:26,True,
d45c7245-eb49-11ec-bb04-a44cc83e0d72,d0b66121-eb49-11ec-92b3-a44cc83e0d72,Match Ski Areas,clotho.demos.tools.match_ski_areas,,2022-06-13 18:51:27,2022-06-13 18:51:27,True,
d492010e-eb49-11ec-8c35-a44cc83e0d72,d0c66647-eb49-11ec-83bf-a44cc83e0d72,Export Area METARs,clotho.demos.tools.export_area_metars,,2022-06-13 18:51:27,2022-06-13 18:51:27,True,
dedd7687-eb49-11ec-9bbb-a44cc83e0d72,d05ae3a3-eb49-11ec-91a9-a44cc83e0d72,Download Weather,clotho.demos.tools.download_metars,,2022-06-13 18:51:44,2022-06-13 18:51:44,True,
dee9467c-eb49-11ec-8a4f-a44cc83e0d72,d0662e39-eb49-11ec-b430-a44cc83e0d72,Extract Weather,clotho.demos.tools.extract_metars,,2022-06-13 18:51:44,2022-06-13 18:51:44,True,
def293f5-eb49-11ec-8f7b-a44cc83e0d72,d07c3dbd-eb49-11ec-9c79-a44cc83e0d72,Import METARs,clotho.demos.tools.import_metars,,2022-06-13 18:51:44,2022-06-13 18:51:44,True,
df19cc3f-eb49-11ec-bd86-a44cc83e0d72,d087b090-eb49-11ec-90de-a44cc83e0d72,Download Ski Areas,clotho.demos.tools.download,,2022-06-13 18:51:45,2022-06-13 18:51:45,True,
df2319f9-eb49-11ec-a1ef-a44cc83e0d72,d091c196-eb49-11ec-9871-a44cc83e0d72,Extract Ski Areas,clotho.demos.tools.extract_ski_areas,,2022-06-13 18:51:45,2022-06-13 18:51:45,True,
df2e4670-eb49-11ec-9e5f-a44cc83e0d72,d09b8639-eb49-11ec-b2a7-a44cc83e0d72,Import Ski Areas,clotho.demos.tools.import_ski_areas,,2022-06-13 18:51:45,2022-06-13 18:51:45,True,
df3b70e0-eb49-11ec-97b6-a44cc83e0d72,d0aaef07-eb49-11ec-9152-a44cc83e0d72,Fiddle Ski Areas,clotho.demos.tools.fiddle_data,,2022-06-13 18:51:45,2022-06-13 18:51:45,True,
df5108af-eb49-11ec-ba78-a44cc83e0d72,d0a54ae9-eb49-11ec-a2fb-a44cc83e0d72,Do Nothing,clotho.demos.tools.do_nothing,,2022-06-13 18:51:45,2022-06-13 18:51:45,True,
df61f87a-eb49-11ec-ba49-a44cc83e0d72,d05ae3a3-eb49-11ec-91a9-a44cc83e0d72,Download Weather,clotho.demos.tools.download_metars,,2022-06-13 18:51:45,2022-06-13 18:51:45,True,
df6a254a-eb49-11ec-8b74-a44cc83e0d72,d0662e39-eb49-11ec-b430-a44cc83e0d72,Extract Weather,clotho.demos.tools.extract_metars,,2022-06-13 18:51:45,2022-06-13 18:51:45,True,
df74abd7-eb49-11ec-b0a6-a44cc83e0d72,d071dd70-eb49-11ec-a95f-a44cc83e0d72,Build Weather Stations,clotho.demos.tools.build_wx_stations,,2022-06-13 18:51:45,2022-06-13 18:51:45,True,
df7f0c11-eb49-11ec-95ef-a44cc83e0d72,d0b66121-eb49-11ec-92b3-a44cc83e0d72,Match Ski Areas,clotho.demos.tools.match_ski_areas,,2022-06-13 18:51:45,2022-06-13 18:51:45,True,
df89ba85-eb49-11ec-b08a-a44cc83e0d72,d0c66647-eb49-11ec-83bf-a44cc83e0d72,Export Area METARs,clotho.demos.tools.export_area_metars,,2022-06-13 18:51:45,2022-06-13 18:51:45,True,
15d86456-eb4a-11ec-84bb-a44cc83e0d72,d05ae3a3-eb49-11ec-91a9-a44cc83e0d72,Download Weather,clotho.demos.tools.download_metars,,2022-06-13 18:53:16,2022-06-13 18:54:37,True,
45d62bec-eb4a-11ec-af63-a44cc83e0d72,d0662e39-eb49-11ec-b430-a44cc83e0d72,Extract Weather,clotho.demos.tools.extract_metars,,2022-06-13 18:54:37,2022-06-13 18:54:39,True,
4773a458-eb4a-11ec-8ea7-a44cc83e0d72,d07c3dbd-eb49-11ec-9c79-a44cc83e0d72,Import METARs,clotho.demos.tools.import_metars,,2022-06-13 18:54:40,2022-06-13 18:54:40,True,
47b58f08-eb4a-11ec-8eed-a44cc83e0d72,d087b090-eb49-11ec-90de-a44cc83e0d72,Download Ski Areas,clotho.demos.tools.download,,2022-06-13 18:54:40,2022-06-13 18:54:40,True,
47c5e2c5-eb4a-11ec-8980-a44cc83e0d72,d091c196-eb49-11ec-9871-a44cc83e0d72,Extract Ski Areas,clotho.demos.tools.extract_ski_areas,,2022-06-13 18:54:40,2022-06-13 18:54:40,True,
47d80bc8-eb4a-11ec-a311-a44cc83e0d72,d09b8639-eb49-11ec-b2a7-a44cc83e0d72,Import Ski Areas,clotho.demos.tools.import_ski_areas,,2022-06-13 18:54:40,2022-06-13 18:54:40,True,
47ee2b5e-eb4a-11ec-a191-a44cc83e0d72,d0aaef07-eb49-11ec-9152-a44cc83e0d72,Fiddle Ski Areas,clotho.demos.tools.fiddle_data,,2022-06-13 18:54:40,2022-06-13 18:54:41,True,
4810a786-eb4a-11ec-bca1-a44cc83e0d72,d0a54ae9-eb49-11ec-a2fb-a44cc83e0d72,Do Nothing,clotho.demos.tools.do_nothing,,2022-06-13 18:54:41,2022-06-13 18:54:41,True,
4833c2a9-eb4a-11ec-bfad-a44cc83e0d72,d05ae3a3-eb49-11ec-91a9-a44cc83e0d72,Download Weather,clotho.demos.tools.download_metars,,2022-06-13 18:54:41,2022-06-13 18:54:45,True,
4acfe2bf-eb4a-11ec-8955-a44cc83e0d72,d0662e39-eb49-11ec-b430-a44cc83e0d72,Extract Weather,clotho.demos.tools.extract_metars,,2022-06-13 18:54:45,2022-06-13 18:54:46,True,
4b540c68-eb4a-11ec-9f32-a44cc83e0d72,d071dd70-eb49-11ec-a95f-a44cc83e0d72,Build Weather Stations,clotho.demos.tools.build_wx_stations,,2022-06-13 18:54:46,2022-06-13 18:54:46,True,
4b64fbea-eb4a-11ec-8b28-a44cc83e0d72,d0b66121-eb49-11ec-92b3-a44cc83e0d72,Match Ski Areas,clotho.demos.tools.match_ski_areas,,2022-06-13 18:54:46,2022-06-13 18:54:46,True,
4b774b76-eb4a-11ec-8757-a44cc83e0d72,d0c66647-eb49-11ec-83bf-a44cc83e0d72,Export Area METARs,clotho.demos.tools.export_area_metars,,2022-06-13 18:54:46,2022-06-13 18:54:46,True,
